{
    "with_outliers": {
        "linear": {
            "rmse": 0.777343240627676,
            "mae": 0.5896872954951005,
            "r2": 0.0477832802442113
        },
        "huber": {
            "rmse": 0.7965491377024633,
            "mae": 0.6046104268492049,
            "r2": 0.0001489811492230153
        },
        "ransac": {
            "rmse": 1.454434302811719,
            "mae": 0.8509423862056111,
            "r2": -2.3334839428808687
        }
    },
    "without_outliers": {
        "linear": {
            "rmse": 0.7094410570240294,
            "mae": 0.5494887335270621,
            "r2": 0.010583732866899176
        },
        "huber": {
            "rmse": 0.7148379653979212,
            "mae": 0.5535512375795807,
            "r2": -0.00452703493404405
        },
        "ransac": {
            "rmse": 1.7550927620285521,
            "mae": 0.7659989517822735,
            "r2": -5.055451914026597
        }
    }
}